,HMDB,PubChem_id,Protein,Uniprot,Combined
0,HMDB0000050,60961,SCNN1A,P37088,786.0
1,HMDB0000045,6083,CXCR6,O00574,176.0
2,HMDB0000050,60961,CXCR6,O00574,921.0
3,HMDB0008923,445468,CXCR6,O00574,322.0
4,HMDB0004666,5282280,CXCR6,O00574,910.0
5,HMDB0000492,312,CXCR6,O00574,162.0
6,HMDB0000016,6166,CXCR6,O00574,174.0
7,HMDB0000058,6076,CXCR6,O00574,187.0
8,HMDB0000045,6083,MC1R,Q01726,176.0
9,HMDB0000050,60961,MC1R,Q01726,921.0
10,HMDB0008923,445468,MC1R,Q01726,322.0
11,HMDB0000492,312,MC1R,Q01726,162.0
12,HMDB0000016,6166,MC1R,Q01726,174.0
13,HMDB0000058,6076,MC1R,Q01726,355.0
14,HMDB0000045,6083,GPR22,Q99680,176.0
15,HMDB0000050,60961,GPR22,Q99680,237.0
16,HMDB0008923,445468,GPR22,Q99680,322.0
17,HMDB0000492,312,GPR22,Q99680,162.0
18,HMDB0000016,6166,GPR22,Q99680,174.0
19,HMDB0000058,6076,GPR22,Q99680,187.0
20,HMDB0000045,6083,NPFFR2,Q9Y5X5,279.0
21,HMDB0000050,60961,NPFFR2,Q9Y5X5,294.0
22,HMDB0008923,445468,NPFFR2,Q9Y5X5,322.0
23,HMDB0000492,312,NPFFR2,Q9Y5X5,162.0
24,HMDB0000016,6166,NPFFR2,Q9Y5X5,174.0
25,HMDB0000058,6076,NPFFR2,Q9Y5X5,187.0
26,HMDB0000045,6083,TAAR8,Q969N4,176.0
27,HMDB0000050,60961,TAAR8,Q969N4,237.0
28,HMDB0008923,445468,TAAR8,Q969N4,322.0
29,HMDB0000492,312,TAAR8,Q969N4,162.0
30,HMDB0000016,6166,TAAR8,Q969N4,174.0
31,HMDB0000058,6076,TAAR8,Q969N4,187.0
32,HMDB0001377,977,EPOR,P19235,858.0
33,HMDB0000191,5960,GRM8,O00222,800.0
34,HMDB0000050,60961,SLC5A7,Q9GZV3,618.0
35,HMDB0000492,312,GUCY1A2,P33402,450.0
36,HMDB0000045,6083,P2RY2,P41231,600.0
37,HMDB0001341,6022,P2RY2,P41231,920.0
38,HMDB0007855,5497152,LPAR3,Q9UBY5,430.71148036253777
39,HMDB0007855,5497152,LPAR3,Q9UBY5,430.71148036253777
40,HMDB0000045,6083,LPAR3,Q9UBY5,176.0
41,HMDB0000050,60961,LPAR3,Q9UBY5,928.0
42,HMDB0008923,445468,LPAR3,Q9UBY5,322.0
43,HMDB0004666,5282280,LPAR3,Q9UBY5,910.0
44,HMDB0000492,312,LPAR3,Q9UBY5,162.0
45,HMDB0000016,6166,LPAR3,Q9UBY5,174.0
46,HMDB0007853,89566,LPAR3,Q9UBY5,324.0
47,HMDB0000058,6076,LPAR3,Q9UBY5,300.0
48,HMDB0001341,6022,EPHA7,Q15375,955.0
49,HMDB0000492,312,EPHA7,Q15375,800.0
50,HMDB0000050,60961,SLC5A8,Q8N695,596.0
51,HMDB0000058,6076,TRPV4,Q9HBA0,900.0
52,HMDB0000067,5997,NPC1L1,Q9UHC9,936.0
53,HMDB0000050,60961,ASIC3,Q9UHC3,429.0
54,HMDB0000492,312,NPR2,P20594,735.0
55,HMDB0000045,6083,CXCR4,P61073,176.0
56,HMDB0000050,60961,CXCR4,P61073,986.0
57,HMDB0008923,445468,CXCR4,P61073,322.0
58,HMDB0004666,5282280,CXCR4,P61073,910.0
59,HMDB0000492,312,CXCR4,P61073,282.0
60,HMDB0000016,6166,CXCR4,P61073,174.0
61,HMDB0000058,6076,CXCR4,P61073,277.0
62,HMDB0000050,60961,CXCR4,P61073,986.0
63,HMDB0000191,5960,GRIK1,P39086,908.0
64,HMDB0000045,6083,RXFP4,Q8TDU9,176.0
65,HMDB0000050,60961,RXFP4,Q8TDU9,921.0
66,HMDB0008923,445468,RXFP4,Q8TDU9,322.0
67,HMDB0004666,5282280,RXFP4,Q8TDU9,910.0
68,HMDB0000492,312,RXFP4,Q8TDU9,162.0
69,HMDB0000016,6166,RXFP4,Q8TDU9,174.0
70,HMDB0000058,6076,RXFP4,Q8TDU9,187.0
71,HMDB0001341,6022,IFNGR2,P38484,900.0
72,HMDB0001341,6022,RIGI,O95786,962.0
73,HMDB0000492,312,RIGI,O95786,814.0
74,HMDB0000045,6083,CCR9,P51686,176.0
75,HMDB0000050,60961,CCR9,P51686,921.0
76,HMDB0008923,445468,CCR9,P51686,322.0
77,HMDB0004666,5282280,CCR9,P51686,910.0
78,HMDB0000492,312,CCR9,P51686,162.0
79,HMDB0000016,6166,CCR9,P51686,174.0
80,HMDB0000058,6076,CCR9,P51686,187.0
81,HMDB0000058,6076,SLC10A1,Q14973,834.0
82,HMDB0000045,6083,MC4R,P32245,176.0
83,HMDB0000050,60961,MC4R,P32245,928.0
84,HMDB0008923,445468,MC4R,P32245,322.0
85,HMDB0000492,312,MC4R,P32245,162.0
86,HMDB0000016,6166,MC4R,P32245,174.0
87,HMDB0000058,6076,MC4R,P32245,347.0
88,HMDB0000125,124886,PPARG,P37231,825.0
89,HMDB0000492,312,PPARG,P37231,823.0
90,HMDB0000067,5997,PPARG,P37231,762.0
91,HMDB0000050,60961,ADORA1,P30542,430.71148036253777
92,HMDB0000050,60961,ADORA1,P30542,430.71148036253777
93,HMDB0000050,60961,ADORA1,P30542,430.71148036253777
94,HMDB0000050,60961,ADORA1,P30542,430.71148036253777
95,HMDB0000050,60961,ADORA1,P30542,430.71148036253777
96,HMDB0000050,60961,ADORA1,P30542,430.71148036253777
97,HMDB0000045,6083,ADORA1,P30542,676.0
98,HMDB0000050,60961,ADORA1,P30542,999.0
99,HMDB0008923,445468,ADORA1,P30542,322.0
100,HMDB0004666,5282280,ADORA1,P30542,910.0
101,HMDB0000492,312,ADORA1,P30542,162.0
102,HMDB0000016,6166,ADORA1,P30542,174.0
103,HMDB0000058,6076,ADORA1,P30542,311.0
104,HMDB0000050,60961,ADORA1,P30542,999.0
105,HMDB0000191,5960,GRIN2B,Q13224,430.71148036253777
106,HMDB0000045,6083,NPBWR2,P48146,176.0
107,HMDB0000050,60961,NPBWR2,P48146,921.0
108,HMDB0008923,445468,NPBWR2,P48146,322.0
109,HMDB0004666,5282280,NPBWR2,P48146,910.0
110,HMDB0000492,312,NPBWR2,P48146,162.0
111,HMDB0000016,6166,NPBWR2,P48146,174.0
112,HMDB0000058,6076,NPBWR2,P48146,187.0
113,HMDB0000125,124886,PTPRG,P23470,528.0
114,HMDB0000094,311,PTPRG,P23470,800.0
115,HMDB0000492,312,PTPRG,P23470,817.0
116,HMDB0000045,6083,LTB4R2,Q9NPC1,176.0
117,HMDB0000050,60961,LTB4R2,Q9NPC1,237.0
118,HMDB0008923,445468,LTB4R2,Q9NPC1,322.0
119,HMDB0000492,312,LTB4R2,Q9NPC1,162.0
120,HMDB0000016,6166,LTB4R2,Q9NPC1,174.0
121,HMDB0000058,6076,LTB4R2,Q9NPC1,187.0
122,HMDB0001341,6022,P2RX2,Q9UBL9,842.0
123,HMDB0000045,6083,ADRA1B,P35368,176.0
124,HMDB0000050,60961,ADRA1B,P35368,237.0
125,HMDB0008923,445468,ADRA1B,P35368,322.0
126,HMDB0000492,312,ADRA1B,P35368,162.0
127,HMDB0000016,6166,ADRA1B,P35368,174.0
128,HMDB0000058,6076,ADRA1B,P35368,187.0
129,HMDB0001377,977,ABCC10,Q5T3U5,408.0
130,HMDB0000492,312,ITGAL,P20701,822.0
131,HMDB0000492,312,ITGAL,P20701,822.0
132,HMDB0000161,5950,ITGAL,P20701,800.0
133,HMDB0000067,5997,NR0B2,Q15466,612.0
134,HMDB0001341,6022,KIT,P10721,979.0
135,HMDB0001341,6022,KIT,P10721,979.0
136,HMDB0000045,6083,GPR88,Q9GZN0,176.0
137,HMDB0000050,60961,GPR88,Q9GZN0,237.0
138,HMDB0008923,445468,GPR88,Q9GZN0,322.0
139,HMDB0000492,312,GPR88,Q9GZN0,162.0
140,HMDB0000016,6166,GPR88,Q9GZN0,174.0
141,HMDB0000058,6076,GPR88,Q9GZN0,187.0
142,HMDB0000045,6083,DRD2,P14416,176.0
143,HMDB0000050,60961,DRD2,P14416,940.0
144,HMDB0008923,445468,DRD2,P14416,322.0
145,HMDB0004666,5282280,DRD2,P14416,910.0
146,HMDB0000492,312,DRD2,P14416,237.0
147,HMDB0000016,6166,DRD2,P14416,174.0
148,HMDB0000058,6076,DRD2,P14416,301.0
149,HMDB0000191,5960,GRIA2,P42262,963.0
150,HMDB0000045,6083,SSTR1,P30872,176.0
151,HMDB0000050,60961,SSTR1,P30872,929.0
152,HMDB0008923,445468,SSTR1,P30872,322.0
153,HMDB0004666,5282280,SSTR1,P30872,910.0
154,HMDB0000492,312,SSTR1,P30872,162.0
155,HMDB0000016,6166,SSTR1,P30872,174.0
156,HMDB0000058,6076,SSTR1,P30872,187.0
157,HMDB0000045,6083,NPY1R,P25929,176.0
158,HMDB0000050,60961,NPY1R,P25929,921.0
159,HMDB0008923,445468,NPY1R,P25929,322.0
160,HMDB0004666,5282280,NPY1R,P25929,910.0
161,HMDB0000492,312,NPY1R,P25929,162.0
162,HMDB0000016,6166,NPY1R,P25929,174.0
163,HMDB0000058,6076,NPY1R,P25929,187.0
164,HMDB0000492,312,GPR152,Q8TDT2,717.0
165,HMDB0000045,6083,GPR19,Q15760,176.0
166,HMDB0000050,60961,GPR19,Q15760,237.0
167,HMDB0008923,445468,GPR19,Q15760,322.0
168,HMDB0000492,312,GPR19,Q15760,162.0
169,HMDB0000016,6166,GPR19,Q15760,174.0
170,HMDB0000058,6076,GPR19,Q15760,187.0
171,HMDB0000050,60961,ADORA3,P0DMS8,430.71148036253777
172,HMDB0000050,60961,ADORA3,P0DMS8,430.71148036253777
173,HMDB0000191,5960,GRIA1,P42261,941.0
174,HMDB0000045,6083,ACKR3,P25106,176.0
175,HMDB0000050,60961,ACKR3,P25106,921.0
176,HMDB0008923,445468,ACKR3,P25106,322.0
177,HMDB0004666,5282280,ACKR3,P25106,910.0
178,HMDB0000492,312,ACKR3,P25106,162.0
179,HMDB0000016,6166,ACKR3,P25106,174.0
180,HMDB0000058,6076,ACKR3,P25106,187.0
181,HMDB0000067,5997,VDR,P11473,492.0
182,HMDB0000492,312,SLC6A8,P48029,915.0
183,HMDB0000045,6083,OPRD1,P41143,176.0
184,HMDB0000050,60961,OPRD1,P41143,921.0
185,HMDB0008923,445468,OPRD1,P41143,322.0
186,HMDB0004666,5282280,OPRD1,P41143,910.0
187,HMDB0000492,312,OPRD1,P41143,874.0
188,HMDB0000016,6166,OPRD1,P41143,174.0
189,HMDB0000058,6076,OPRD1,P41143,187.0
190,HMDB0000492,312,OPRD1,P41143,874.0
191,HMDB0000492,312,GRM3,Q14832,800.0
192,HMDB0000191,5960,GRM3,Q14832,800.0
193,HMDB0000045,6083,ADRA2A,P08913,176.0
194,HMDB0000050,60961,ADRA2A,P08913,930.0
195,HMDB0008923,445468,ADRA2A,P08913,322.0
196,HMDB0004666,5282280,ADRA2A,P08913,910.0
197,HMDB0000492,312,ADRA2A,P08913,162.0
198,HMDB0000016,6166,ADRA2A,P08913,174.0
199,HMDB0000058,6076,ADRA2A,P08913,187.0
200,HMDB0000045,6083,ADRB1,P08588,176.0
201,HMDB0000050,60961,ADRB1,P08588,970.0
202,HMDB0008923,445468,ADRB1,P08588,322.0
203,HMDB0000492,312,ADRB1,P08588,162.0
204,HMDB0000016,6166,ADRB1,P08588,174.0
205,HMDB0000058,6076,ADRB1,P08588,941.0
206,HMDB0000050,60961,ADRB1,P08588,970.0
207,HMDB0000067,5997,ADRB1,P08588,514.0
208,HMDB0000058,6076,ADRB1,P08588,941.0
209,HMDB0000050,60961,SCNN1G,P51170,786.0
210,HMDB0000045,6083,MLNR,O43193,176.0
211,HMDB0000050,60961,MLNR,O43193,237.0
212,HMDB0008923,445468,MLNR,O43193,322.0
213,HMDB0000492,312,MLNR,O43193,162.0
214,HMDB0000016,6166,MLNR,O43193,174.0
215,HMDB0000058,6076,MLNR,O43193,187.0
216,HMDB0000492,312,TNFRSF6B,O95407,800.0
217,HMDB0000045,6083,LTB4R,Q15722,176.0
218,HMDB0000050,60961,LTB4R,Q15722,237.0
219,HMDB0008923,445468,LTB4R,Q15722,322.0
220,HMDB0000492,312,LTB4R,Q15722,162.0
221,HMDB0000016,6166,LTB4R,Q15722,174.0
222,HMDB0000058,6076,LTB4R,Q15722,187.0
223,HMDB0000492,312,PTPRR,Q15256,800.0
224,HMDB0000067,5997,NR2F2,P24468,380.0
225,HMDB0000045,6083,GPR45,Q9Y5Y3,176.0
226,HMDB0000050,60961,GPR45,Q9Y5Y3,237.0
227,HMDB0008923,445468,GPR45,Q9Y5Y3,322.0
228,HMDB0000492,312,GPR45,Q9Y5Y3,162.0
229,HMDB0000016,6166,GPR45,Q9Y5Y3,174.0
230,HMDB0000058,6076,GPR45,Q9Y5Y3,187.0
231,HMDB0000492,312,RXRB,P28702,800.0
232,HMDB0000067,5997,RXRB,P28702,413.0
233,HMDB0000492,312,PTPRN2,Q92932,800.0
234,HMDB0000492,312,FXYD2,P54710,800.0
235,HMDB0000058,6076,AQP1,P29972,817.0
236,HMDB0001341,6022,EPHA2,P29317,954.0
237,HMDB0000492,312,EPHA2,P29317,800.0
238,HMDB0000014,13711,EPHA2,P29317,800.0
239,HMDB0000045,6083,RHO,P08100,298.0
240,HMDB0000050,60961,RHO,P08100,491.0
241,HMDB0008923,445468,RHO,P08100,794.0
242,HMDB0000492,312,RHO,P08100,365.0
243,HMDB0000016,6166,RHO,P08100,174.0
244,HMDB0000058,6076,RHO,P08100,305.0
245,HMDB0000067,5997,NR1H4,Q96RI1,846.0
246,HMDB0000191,5960,GRM7,Q14831,800.0
247,HMDB0000045,6083,PTGFR,P43088,176.0
248,HMDB0000050,60961,PTGFR,P43088,237.0
249,HMDB0008923,445468,PTGFR,P43088,322.0
250,HMDB0000492,312,PTGFR,P43088,162.0
251,HMDB0000016,6166,PTGFR,P43088,174.0
252,HMDB0000058,6076,PTGFR,P43088,187.0
253,HMDB0000045,6083,GPR84,Q9NQS5,176.0
254,HMDB0000050,60961,GPR84,Q9NQS5,237.0
255,HMDB0008923,445468,GPR84,Q9NQS5,322.0
256,HMDB0000492,312,GPR84,Q9NQS5,162.0
257,HMDB0000016,6166,GPR84,Q9NQS5,174.0
258,HMDB0000058,6076,GPR84,Q9NQS5,187.0
259,HMDB0000067,5997,SMO,Q99835,851.0
260,HMDB0000058,6076,CFTR,P13569,990.0
261,HMDB0000050,60961,CFTR,P13569,791.0
262,HMDB0001377,977,CFTR,P13569,534.0
263,HMDB0000492,312,ESR1,P03372,819.0
264,HMDB0000492,312,ESR1,P03372,822.0
265,HMDB0000067,5997,ESR1,P03372,616.0
266,HMDB0000058,6076,ESR1,P03372,730.0
267,HMDB0000045,6083,NMUR1,Q9HB89,176.0
268,HMDB0000050,60961,NMUR1,Q9HB89,921.0
269,HMDB0008923,445468,NMUR1,Q9HB89,322.0
270,HMDB0004666,5282280,NMUR1,Q9HB89,910.0
271,HMDB0000492,312,NMUR1,Q9HB89,162.0
272,HMDB0000016,6166,NMUR1,Q9HB89,174.0
273,HMDB0000058,6076,NMUR1,Q9HB89,187.0
274,HMDB0000191,5960,GRIK5,Q16478,800.0
275,HMDB0000492,312,TNFRSF11B,O00300,795.0
276,HMDB0000492,312,RYR1,P21817,754.0
277,HMDB0000016,6166,NR3C2,P08235,430.71148036253777
278,HMDB0000016,6166,NR3C2,P08235,430.71148036253777
279,HMDB0000016,6166,NR3C2,P08235,880.0
280,HMDB0000067,5997,NR3C2,P08235,399.0
281,HMDB0000015,440707,NR3C2,P08235,779.0
282,HMDB0000492,312,ITGAV,P06756,800.0
283,HMDB0000045,6083,GPR148,Q8TDV2,176.0
284,HMDB0000050,60961,GPR148,Q8TDV2,237.0
285,HMDB0008923,445468,GPR148,Q8TDV2,322.0
286,HMDB0000492,312,GPR148,Q8TDV2,162.0
287,HMDB0000016,6166,GPR148,Q8TDV2,174.0
288,HMDB0000058,6076,GPR148,Q8TDV2,187.0
289,HMDB0000094,311,PKD2L1,Q9P0L9,430.71148036253777
290,HMDB0000045,6083,GPR37,O15354,176.0
291,HMDB0000050,60961,GPR37,O15354,237.0
292,HMDB0008923,445468,GPR37,O15354,322.0
293,HMDB0000492,312,GPR37,O15354,162.0
294,HMDB0000016,6166,GPR37,O15354,174.0
295,HMDB0000058,6076,GPR37,O15354,187.0
296,HMDB0000045,6083,NMUR2,Q9GZQ4,238.0
297,HMDB0000050,60961,NMUR2,Q9GZQ4,921.0
298,HMDB0008923,445468,NMUR2,Q9GZQ4,322.0
299,HMDB0004666,5282280,NMUR2,Q9GZQ4,910.0
300,HMDB0000492,312,NMUR2,Q9GZQ4,227.0
301,HMDB0000016,6166,NMUR2,Q9GZQ4,174.0
302,HMDB0000058,6076,NMUR2,Q9GZQ4,187.0
303,HMDB0001341,6022,P2RX3,P56373,815.0
304,HMDB0000045,6083,SSTR2,P30874,176.0
305,HMDB0000050,60961,SSTR2,P30874,921.0
306,HMDB0008923,445468,SSTR2,P30874,322.0
307,HMDB0004666,5282280,SSTR2,P30874,910.0
308,HMDB0000492,312,SSTR2,P30874,162.0
309,HMDB0000016,6166,SSTR2,P30874,174.0
310,HMDB0000058,6076,SSTR2,P30874,187.0
311,HMDB0000094,311,NOD1,Q9Y239,800.0
312,HMDB0000045,6083,GPR12,P47775,176.0
313,HMDB0000050,60961,GPR12,P47775,237.0
314,HMDB0008923,445468,GPR12,P47775,322.0
315,HMDB0000492,312,GPR12,P47775,162.0
316,HMDB0000016,6166,GPR12,P47775,174.0
317,HMDB0000058,6076,GPR12,P47775,260.0
318,HMDB0000094,311,ACVR1,Q04771,800.0
319,HMDB0000492,312,ITGAX,P20702,850.0
320,HMDB0000492,312,ITGAX,P20702,850.0
321,HMDB0000492,312,PTPRE,P23469,800.0
322,HMDB0000492,312,ITGB2,P05107,800.0
323,HMDB0000045,6083,PROKR2,Q8NFJ6,176.0
324,HMDB0000050,60961,PROKR2,Q8NFJ6,237.0
325,HMDB0008923,445468,PROKR2,Q8NFJ6,322.0
326,HMDB0000492,312,PROKR2,Q8NFJ6,162.0
327,HMDB0000016,6166,PROKR2,Q8NFJ6,174.0
328,HMDB0000058,6076,PROKR2,Q8NFJ6,187.0
329,HMDB0001377,977,ABCB1,P08183,479.0
330,HMDB0000016,6166,ABCB1,P08183,800.0
331,HMDB0000045,6083,CCR5,P51681,176.0
332,HMDB0000050,60961,CCR5,P51681,930.0
333,HMDB0008923,445468,CCR5,P51681,322.0
334,HMDB0004666,5282280,CCR5,P51681,910.0
335,HMDB0000492,312,CCR5,P51681,256.0
336,HMDB0000016,6166,CCR5,P51681,174.0
337,HMDB0000058,6076,CCR5,P51681,187.0
338,HMDB0001341,6022,FZD5,Q13467,900.0
339,HMDB0000045,6083,HRH4,Q9H3N8,176.0
340,HMDB0000050,60961,HRH4,Q9H3N8,921.0
341,HMDB0008923,445468,HRH4,Q9H3N8,322.0
342,HMDB0004666,5282280,HRH4,Q9H3N8,910.0
343,HMDB0000492,312,HRH4,Q9H3N8,162.0
344,HMDB0000016,6166,HRH4,Q9H3N8,174.0
345,HMDB0000058,6076,HRH4,Q9H3N8,187.0
346,HMDB0000045,6083,OPRM1,P35372,176.0
347,HMDB0000050,60961,OPRM1,P35372,949.0
348,HMDB0008923,445468,OPRM1,P35372,322.0
349,HMDB0004666,5282280,OPRM1,P35372,922.0
350,HMDB0000492,312,OPRM1,P35372,984.0
351,HMDB0000016,6166,OPRM1,P35372,174.0
352,HMDB0000058,6076,OPRM1,P35372,477.0
353,HMDB0000492,312,OPRM1,P35372,984.0
354,HMDB0000187,5951,GRIN3A,Q8TCU5,737.0
355,HMDB0000187,5951,GRIN3A,Q8TCU5,737.0
356,HMDB0000191,5960,GRIN3A,Q8TCU5,899.0
357,HMDB0000492,312,IFNAR2,P48551,818.0
358,HMDB0000045,6083,NTSR1,P30989,176.0
359,HMDB0000050,60961,NTSR1,P30989,237.0
360,HMDB0008923,445468,NTSR1,P30989,322.0
361,HMDB0000492,312,NTSR1,P30989,162.0
362,HMDB0000016,6166,NTSR1,P30989,174.0
363,HMDB0000058,6076,NTSR1,P30989,187.0
364,HMDB0001377,977,TAP1,Q03518,264.0
365,HMDB0000067,5997,RXRG,P48443,455.0
366,HMDB0000058,6076,SLC9A3,P48764,817.0
367,HMDB0000045,6083,LPAR1,Q92633,176.0
368,HMDB0000050,60961,LPAR1,Q92633,928.0
369,HMDB0008923,445468,LPAR1,Q92633,322.0
370,HMDB0004666,5282280,LPAR1,Q92633,910.0
371,HMDB0000492,312,LPAR1,Q92633,162.0
372,HMDB0000016,6166,LPAR1,Q92633,174.0
373,HMDB0007853,89566,LPAR1,Q92633,565.0
374,HMDB0000058,6076,LPAR1,Q92633,187.0
375,HMDB0008036,94190,SLC25A4,P12235,940.0
376,HMDB0010283,53480417,SLC25A4,P12235,800.0
377,HMDB0000050,60961,ATP8A1,Q9Y2Q0,800.0
378,HMDB0000045,6083,GPR6,P46095,176.0
379,HMDB0000050,60961,GPR6,P46095,237.0
380,HMDB0008923,445468,GPR6,P46095,322.0
381,HMDB0000492,312,GPR6,P46095,162.0
382,HMDB0000016,6166,GPR6,P46095,174.0
383,HMDB0000058,6076,GPR6,P46095,187.0
384,HMDB0001377,977,ABCC5,O15440,482.0
385,HMDB0000045,6083,HTR2C,P28335,176.0
386,HMDB0000050,60961,HTR2C,P28335,444.0
387,HMDB0008923,445468,HTR2C,P28335,322.0
388,HMDB0000492,312,HTR2C,P28335,225.0
389,HMDB0000016,6166,HTR2C,P28335,933.0
390,HMDB0000058,6076,HTR2C,P28335,487.0
391,HMDB0011578,16019980,TRPV1,Q8NER1,843.0
392,HMDB0011578,16019980,TRPV1,Q8NER1,843.0
393,HMDB0000094,311,TRPV1,Q8NER1,730.0
394,HMDB0000067,5997,THRB,P10828,399.0
395,HMDB0000045,6083,AVPR1A,P37288,176.0
396,HMDB0000050,60961,AVPR1A,P37288,298.0
397,HMDB0008923,445468,AVPR1A,P37288,322.0
398,HMDB0000492,312,AVPR1A,P37288,162.0
399,HMDB0000016,6166,AVPR1A,P37288,174.0
400,HMDB0000058,6076,AVPR1A,P37288,187.0
401,HMDB0000045,6083,AVPR1B,P47901,176.0
402,HMDB0000050,60961,AVPR1B,P47901,308.0
403,HMDB0008923,445468,AVPR1B,P47901,322.0
404,HMDB0000492,312,AVPR1B,P47901,162.0
405,HMDB0000016,6166,AVPR1B,P47901,174.0
406,HMDB0000058,6076,AVPR1B,P47901,187.0
407,HMDB0000492,312,PTPRF,P10586,359.0
408,HMDB0001341,6022,EPHA4,P54764,955.0
409,HMDB0000492,312,ITGA2,P17301,865.0
410,HMDB0000045,6083,TAAR6,Q96RI8,176.0
411,HMDB0000050,60961,TAAR6,Q96RI8,237.0
412,HMDB0008923,445468,TAAR6,Q96RI8,322.0
413,HMDB0000492,312,TAAR6,Q96RI8,162.0
414,HMDB0000016,6166,TAAR6,Q96RI8,174.0
415,HMDB0000058,6076,TAAR6,Q96RI8,187.0
416,HMDB0000067,5997,ABCB4,P21439,889.0
417,HMDB0001377,977,ABCB4,P21439,319.0
418,HMDB0000050,60961,SLC5A5,Q92911,786.0
419,HMDB0000191,5960,GRIK4,Q16099,800.0
420,HMDB0000045,6083,ADRA1D,P25100,176.0
421,HMDB0000050,60961,ADRA1D,P25100,237.0
422,HMDB0008923,445468,ADRA1D,P25100,322.0
423,HMDB0000492,312,ADRA1D,P25100,162.0
424,HMDB0000016,6166,ADRA1D,P25100,174.0
425,HMDB0000058,6076,ADRA1D,P25100,187.0
426,HMDB0000067,5997,RORA,P35398,814.0
427,HMDB0000067,5997,RORA,P35398,430.71148036253777
428,HMDB0000067,5997,RORA,P35398,430.71148036253777
429,HMDB0000067,5997,RORA,P35398,430.71148036253777
430,HMDB0000067,5997,RORA,P35398,430.71148036253777
431,HMDB0000067,5997,RORA,P35398,430.71148036253777
432,HMDB0000125,124886,ITGB7,P26010,800.0
433,HMDB0000045,6083,MCHR1,Q99705,176.0
434,HMDB0000050,60961,MCHR1,Q99705,921.0
435,HMDB0008923,445468,MCHR1,Q99705,322.0
436,HMDB0004666,5282280,MCHR1,Q99705,910.0
437,HMDB0000492,312,MCHR1,Q99705,232.0
438,HMDB0000016,6166,MCHR1,Q99705,174.0
439,HMDB0000058,6076,MCHR1,Q99705,187.0
440,HMDB0000045,6083,GPR85,P60893,176.0
441,HMDB0000050,60961,GPR85,P60893,237.0
442,HMDB0008923,445468,GPR85,P60893,322.0
443,HMDB0000492,312,GPR85,P60893,162.0
444,HMDB0000016,6166,GPR85,P60893,174.0
445,HMDB0000058,6076,GPR85,P60893,187.0
446,HMDB0000045,6083,KISS1R,Q969F8,176.0
447,HMDB0000050,60961,KISS1R,Q969F8,237.0
448,HMDB0008923,445468,KISS1R,Q969F8,322.0
449,HMDB0000492,312,KISS1R,Q969F8,162.0
450,HMDB0000016,6166,KISS1R,Q969F8,174.0
451,HMDB0000058,6076,KISS1R,Q969F8,187.0
452,HMDB0000045,6083,OPN4,Q9UHM6,329.0
453,HMDB0000050,60961,OPN4,Q9UHM6,237.0
454,HMDB0008923,445468,OPN4,Q9UHM6,322.0
455,HMDB0000492,312,OPN4,Q9UHM6,162.0
456,HMDB0000016,6166,OPN4,Q9UHM6,174.0
457,HMDB0000058,6076,OPN4,Q9UHM6,187.0
458,HMDB0000045,6083,GPR151,Q8TDV0,176.0
459,HMDB0000050,60961,GPR151,Q8TDV0,237.0
460,HMDB0008923,445468,GPR151,Q8TDV0,322.0
461,HMDB0000492,312,GPR151,Q8TDV0,162.0
462,HMDB0000016,6166,GPR151,Q8TDV0,174.0
463,HMDB0000058,6076,GPR151,Q8TDV0,187.0
464,HMDB0000045,6083,HRH3,Q9Y5N1,176.0
465,HMDB0000050,60961,HRH3,Q9Y5N1,933.0
466,HMDB0008923,445468,HRH3,Q9Y5N1,322.0
467,HMDB0004666,5282280,HRH3,Q9Y5N1,910.0
468,HMDB0000492,312,HRH3,Q9Y5N1,162.0
469,HMDB0000016,6166,HRH3,Q9Y5N1,174.0
470,HMDB0000058,6076,HRH3,Q9Y5N1,187.0
471,HMDB0000045,6083,UTS2R,Q9UKP6,176.0
472,HMDB0000050,60961,UTS2R,Q9UKP6,237.0
473,HMDB0008923,445468,UTS2R,Q9UKP6,322.0
474,HMDB0000492,312,UTS2R,Q9UKP6,162.0
475,HMDB0000016,6166,UTS2R,Q9UKP6,174.0
476,HMDB0000058,6076,UTS2R,Q9UKP6,187.0
477,HMDB0000094,311,PTPRD,P23468,800.0
478,HMDB0000492,312,PTPRD,P23468,868.0
479,HMDB0000045,6083,HTR2B,P41595,176.0
480,HMDB0000050,60961,HTR2B,P41595,237.0
481,HMDB0008923,445468,HTR2B,P41595,322.0
482,HMDB0000492,312,HTR2B,P41595,162.0
483,HMDB0000016,6166,HTR2B,P41595,945.0
484,HMDB0000058,6076,HTR2B,P41595,187.0
485,HMDB0000045,6083,DRD4,P21917,274.0
486,HMDB0000050,60961,DRD4,P21917,928.0
487,HMDB0008923,445468,DRD4,P21917,322.0
488,HMDB0004666,5282280,DRD4,P21917,910.0
489,HMDB0000492,312,DRD4,P21917,224.0
490,HMDB0000016,6166,DRD4,P21917,174.0
491,HMDB0000058,6076,DRD4,P21917,317.0
492,HMDB0000161,5950,RYR2,Q92736,800.0
493,HMDB0000492,312,RYR2,Q92736,806.0
494,HMDB0000492,312,RYR2,Q92736,791.0
495,HMDB0000045,6083,AGTR2,P50052,176.0
496,HMDB0000050,60961,AGTR2,P50052,921.0
497,HMDB0008923,445468,AGTR2,P50052,322.0
498,HMDB0004666,5282280,AGTR2,P50052,910.0
499,HMDB0000492,312,AGTR2,P50052,232.0
500,HMDB0000016,6166,AGTR2,P50052,174.0
501,HMDB0000058,6076,AGTR2,P50052,187.0
502,HMDB0000045,6083,CCKAR,P32238,250.0
503,HMDB0000050,60961,CCKAR,P32238,237.0
504,HMDB0008923,445468,CCKAR,P32238,322.0
505,HMDB0000492,312,CCKAR,P32238,162.0
506,HMDB0000016,6166,CCKAR,P32238,174.0
507,HMDB0000058,6076,CCKAR,P32238,311.0
508,HMDB0000045,6083,GPR149,Q86SP6,498.0
509,HMDB0001341,6022,EPHA10,Q5JZY3,949.0
510,HMDB0000492,312,NTRK1,P04629,816.0
511,HMDB0000492,312,NTRK1,P04629,816.0
512,HMDB0000050,60961,SCNN1B,P51168,429.0
513,HMDB0000045,6083,QRFPR,Q96P65,176.0
514,HMDB0000050,60961,QRFPR,Q96P65,237.0
515,HMDB0008923,445468,QRFPR,Q96P65,322.0
516,HMDB0000492,312,QRFPR,Q96P65,162.0
517,HMDB0000016,6166,QRFPR,Q96P65,174.0
518,HMDB0000058,6076,QRFPR,Q96P65,187.0
519,HMDB0000045,6083,DRD3,P35462,176.0
520,HMDB0000050,60961,DRD3,P35462,928.0
521,HMDB0008923,445468,DRD3,P35462,322.0
522,HMDB0004666,5282280,DRD3,P35462,910.0
523,HMDB0000492,312,DRD3,P35462,162.0
524,HMDB0000016,6166,DRD3,P35462,174.0
525,HMDB0000058,6076,DRD3,P35462,187.0
526,HMDB0000045,6083,GPR61,Q9BZJ8,176.0
527,HMDB0000050,60961,GPR61,Q9BZJ8,237.0
528,HMDB0008923,445468,GPR61,Q9BZJ8,322.0
529,HMDB0004666,5282280,GPR61,Q9BZJ8,220.0
530,HMDB0000492,312,GPR61,Q9BZJ8,162.0
531,HMDB0000016,6166,GPR61,Q9BZJ8,174.0
532,HMDB0000058,6076,GPR61,Q9BZJ8,187.0
533,HMDB0001341,6022,P2RY8,Q86VZ1,800.0
534,HMDB0000045,6083,PTGIR,P43119,176.0
535,HMDB0000050,60961,PTGIR,P43119,930.0
536,HMDB0008923,445468,PTGIR,P43119,322.0
537,HMDB0000492,312,PTGIR,P43119,162.0
538,HMDB0000016,6166,PTGIR,P43119,174.0
539,HMDB0000058,6076,PTGIR,P43119,443.0
540,HMDB0000067,5997,PTGIR,P43119,817.0
541,HMDB0000045,6083,ADRB2,P07550,341.0
542,HMDB0000050,60961,ADRB2,P07550,978.0
543,HMDB0008923,445468,ADRB2,P07550,322.0
544,HMDB0000492,312,ADRB2,P07550,459.0
545,HMDB0000016,6166,ADRB2,P07550,174.0
546,HMDB0000058,6076,ADRB2,P07550,989.0
547,HMDB0000050,60961,ADRB2,P07550,978.0
548,HMDB0000067,5997,ADRB2,P07550,623.0
549,HMDB0000058,6076,ADRB2,P07550,989.0
550,HMDB0000050,60961,SLC6A4,P31645,815.0
551,HMDB0000067,5997,ABCG1,P45844,994.0
552,HMDB0000492,312,TNFRSF11A,Q9Y6Q6,814.0
553,HMDB0000492,312,TNFRSF11A,Q9Y6Q6,814.0
554,HMDB0000045,6083,PTGDR,Q13258,176.0
555,HMDB0000050,60961,PTGDR,Q13258,921.0
556,HMDB0008923,445468,PTGDR,Q13258,322.0
557,HMDB0000492,312,PTGDR,Q13258,162.0
558,HMDB0000016,6166,PTGDR,Q13258,174.0
559,HMDB0000058,6076,PTGDR,Q13258,187.0
560,HMDB0000045,6083,CCKBR,P32239,268.0
561,HMDB0000050,60961,CCKBR,P32239,237.0
562,HMDB0008923,445468,CCKBR,P32239,322.0
563,HMDB0000492,312,CCKBR,P32239,232.0
564,HMDB0000016,6166,CCKBR,P32239,174.0
565,HMDB0000058,6076,CCKBR,P32239,311.0
566,HMDB0000058,6076,HCAR2,Q8TDS4,725.0
567,HMDB0000058,6076,SLC34A2,O95436,800.0
568,HMDB0001341,6022,P2RY13,Q9BPV8,430.71148036253777
569,HMDB0001341,6022,P2RY13,Q9BPV8,430.71148036253777
570,HMDB0001341,6022,P2RY13,Q9BPV8,963.0
571,HMDB0001341,6022,P2RY13,Q9BPV8,963.0
572,HMDB0000492,312,ROR2,Q01974,800.0
573,HMDB0000045,6083,GPR65,Q8IYL9,176.0
574,HMDB0000050,60961,GPR65,Q8IYL9,237.0
575,HMDB0008923,445468,GPR65,Q8IYL9,322.0
576,HMDB0000492,312,GPR65,Q8IYL9,162.0
577,HMDB0000016,6166,GPR65,Q8IYL9,174.0
578,HMDB0000058,6076,GPR65,Q8IYL9,187.0
579,HMDB0011537,5319879,GPR119,Q8TDV5,430.71148036253777
580,HMDB0010384,497299,GPR119,Q8TDV5,430.71148036253777
581,HMDB0000045,6083,GPR119,Q8TDV5,176.0
582,HMDB0000050,60961,GPR119,Q8TDV5,237.0
583,HMDB0008923,445468,GPR119,Q8TDV5,322.0
584,HMDB0004666,5282280,GPR119,Q8TDV5,207.0
585,HMDB0000492,312,GPR119,Q8TDV5,162.0
586,HMDB0000016,6166,GPR119,Q8TDV5,174.0
587,HMDB0000058,6076,GPR119,Q8TDV5,187.0
588,HMDB0007855,5497152,GPR87,Q9BY21,430.71148036253777
589,HMDB0007855,5497152,GPR87,Q9BY21,430.71148036253777
590,HMDB0000045,6083,GPR135,Q8IZ08,176.0
591,HMDB0000050,60961,GPR135,Q8IZ08,237.0
592,HMDB0008923,445468,GPR135,Q8IZ08,322.0
593,HMDB0000492,312,GPR135,Q8IZ08,226.0
594,HMDB0000016,6166,GPR135,Q8IZ08,174.0
595,HMDB0000058,6076,GPR135,Q8IZ08,187.0
596,HMDB0000094,311,RARB,P10826,800.0
597,HMDB0000067,5997,RARB,P10826,375.0
598,HMDB0001341,6022,TLR2,O60603,409.0
599,HMDB0010572,449008,TLR2,O60603,586.0
600,HMDB0000050,60961,OXGR1,Q96P68,980.0
601,HMDB0000045,6083,GPR63,Q9BZJ6,176.0
602,HMDB0000050,60961,GPR63,Q9BZJ6,237.0
603,HMDB0008923,445468,GPR63,Q9BZJ6,322.0
604,HMDB0000492,312,GPR63,Q9BZJ6,162.0
605,HMDB0000016,6166,GPR63,Q9BZJ6,174.0
606,HMDB0000058,6076,GPR63,Q9BZJ6,187.0
607,HMDB0000045,6083,HTR1F,P30939,176.0
608,HMDB0000050,60961,HTR1F,P30939,921.0
609,HMDB0008923,445468,HTR1F,P30939,322.0
610,HMDB0004666,5282280,HTR1F,P30939,910.0
611,HMDB0000492,312,HTR1F,P30939,162.0
612,HMDB0000016,6166,HTR1F,P30939,174.0
613,HMDB0000058,6076,HTR1F,P30939,393.0
614,HMDB0001377,977,ABCB5,Q2M3G0,264.0
615,HMDB0000492,312,PTPRJ,Q12913,800.0
616,HMDB0000045,6083,MC2R,Q01718,176.0
617,HMDB0000050,60961,MC2R,Q01718,921.0
618,HMDB0008923,445468,MC2R,Q01718,322.0
619,HMDB0000492,312,MC2R,Q01718,162.0
620,HMDB0000016,6166,MC2R,Q01718,513.0
621,HMDB0000058,6076,MC2R,Q01718,285.0
622,HMDB0000067,5997,NR2C2,P49116,319.0
623,HMDB0000045,6083,GPR176,Q14439,176.0
624,HMDB0000050,60961,GPR176,Q14439,237.0
625,HMDB0008923,445468,GPR176,Q14439,322.0
626,HMDB0000492,312,GPR176,Q14439,162.0
627,HMDB0000016,6166,GPR176,Q14439,174.0
628,HMDB0000058,6076,GPR176,Q14439,187.0
629,HMDB0000045,6083,TAAR5,O14804,176.0
630,HMDB0000050,60961,TAAR5,O14804,237.0
631,HMDB0008923,445468,TAAR5,O14804,322.0
632,HMDB0000492,312,TAAR5,O14804,162.0
633,HMDB0000016,6166,TAAR5,O14804,174.0
634,HMDB0000058,6076,TAAR5,O14804,187.0
635,HMDB0000067,5997,ESRRG,P62508,372.0
636,HMDB0000045,6083,GPR150,Q8NGU9,176.0
637,HMDB0000050,60961,GPR150,Q8NGU9,237.0
638,HMDB0008923,445468,GPR150,Q8NGU9,322.0
639,HMDB0004666,5282280,GPR150,Q8NGU9,198.0
640,HMDB0000492,312,GPR150,Q8NGU9,162.0
641,HMDB0000016,6166,GPR150,Q8NGU9,174.0
642,HMDB0000058,6076,GPR150,Q8NGU9,187.0
643,HMDB0000067,5997,ESRRA,P11474,319.0
644,HMDB0001341,6022,P2RY6,Q15077,430.71148036253777
645,HMDB0001341,6022,P2RY6,Q15077,916.0
646,HMDB0001341,6022,P2RY6,Q15077,916.0
647,HMDB0000492,312,GUCY2F,P51841,675.0
648,HMDB0001341,6022,RXFP2,Q8WXD0,360.0
649,HMDB0010572,449008,RXFP2,Q8WXD0,370.0
650,HMDB0000159,6140,GPR139,Q6DWJ6,430.71148036253777
651,HMDB0000159,6140,GPR139,Q6DWJ6,430.71148036253777
652,HMDB0000045,6083,GPR139,Q6DWJ6,176.0
653,HMDB0000050,60961,GPR139,Q6DWJ6,237.0
654,HMDB0008923,445468,GPR139,Q6DWJ6,322.0
655,HMDB0000492,312,GPR139,Q6DWJ6,162.0
656,HMDB0000016,6166,GPR139,Q6DWJ6,174.0
657,HMDB0000058,6076,GPR139,Q6DWJ6,187.0
658,HMDB0000045,6083,GPR37L1,O60883,176.0
659,HMDB0000050,60961,GPR37L1,O60883,237.0
660,HMDB0008923,445468,GPR37L1,O60883,322.0
661,HMDB0000492,312,GPR37L1,O60883,162.0
662,HMDB0000016,6166,GPR37L1,O60883,174.0
663,HMDB0000058,6076,GPR37L1,O60883,187.0
664,HMDB0001341,6022,BMPR2,Q13873,979.0
665,HMDB0000045,6083,HTR5A,P47898,176.0
666,HMDB0000050,60961,HTR5A,P47898,921.0
667,HMDB0008923,445468,HTR5A,P47898,322.0
668,HMDB0004666,5282280,HTR5A,P47898,910.0
669,HMDB0000492,312,HTR5A,P47898,162.0
670,HMDB0000016,6166,HTR5A,P47898,174.0
671,HMDB0000058,6076,HTR5A,P47898,276.0
672,HMDB0000058,6076,CNGA3,Q16281,430.71148036253777
673,HMDB0000058,6076,CNGA3,Q16281,430.71148036253777
674,HMDB0000045,6083,GPR26,Q8NDV2,176.0
675,HMDB0000050,60961,GPR26,Q8NDV2,237.0
676,HMDB0008923,445468,GPR26,Q8NDV2,322.0
677,HMDB0000492,312,GPR26,Q8NDV2,162.0
678,HMDB0000016,6166,GPR26,Q8NDV2,174.0
679,HMDB0000058,6076,GPR26,Q8NDV2,187.0
680,HMDB0000094,311,FCER2,P06734,502.0
681,HMDB0000492,312,EGFR,P00533,828.0
682,HMDB0000492,312,EGFR,P00533,828.0
683,HMDB0000067,5997,EGFR,P00533,518.0
684,HMDB0000067,5997,ESR2,Q92731,475.0
685,HMDB0000045,6083,GNRHR,P30968,243.0
686,HMDB0000050,60961,GNRHR,P30968,237.0
687,HMDB0008923,445468,GNRHR,P30968,322.0
688,HMDB0000492,312,GNRHR,P30968,162.0
689,HMDB0000016,6166,GNRHR,P30968,174.0
690,HMDB0000058,6076,GNRHR,P30968,314.0
691,HMDB0000045,6083,GPR3,P46089,176.0
692,HMDB0000050,60961,GPR3,P46089,237.0
693,HMDB0008923,445468,GPR3,P46089,322.0
694,HMDB0000492,312,GPR3,P46089,162.0
695,HMDB0000016,6166,GPR3,P46089,174.0
696,HMDB0000058,6076,GPR3,P46089,247.0
697,HMDB0001341,6022,GPR35,Q9HC97,800.0
698,HMDB0007851,56947016,GPR35,Q9HC97,430.71148036253777
699,HMDB0000191,5960,GRM6,O15303,818.0
700,HMDB0000045,6083,NMBR,P28336,176.0
701,HMDB0000050,60961,NMBR,P28336,237.0
702,HMDB0008923,445468,NMBR,P28336,322.0
703,HMDB0000492,312,NMBR,P28336,162.0
704,HMDB0000016,6166,NMBR,P28336,174.0
705,HMDB0000058,6076,NMBR,P28336,187.0
706,HMDB0000045,6083,MC3R,P41968,176.0
707,HMDB0000050,60961,MC3R,P41968,921.0
708,HMDB0008923,445468,MC3R,P41968,322.0
709,HMDB0000492,312,MC3R,P41968,162.0
710,HMDB0000016,6166,MC3R,P41968,174.0
711,HMDB0000058,6076,MC3R,P41968,323.0
712,HMDB0000191,5960,GRIK2,Q13002,914.0
713,HMDB0000045,6083,GALR1,P47211,176.0
714,HMDB0000050,60961,GALR1,P47211,921.0
715,HMDB0008923,445468,GALR1,P47211,322.0
716,HMDB0004666,5282280,GALR1,P47211,910.0
717,HMDB0000492,312,GALR1,P47211,162.0
718,HMDB0000016,6166,GALR1,P47211,174.0
719,HMDB0000058,6076,GALR1,P47211,187.0
720,HMDB0000067,5997,PGR,P06401,415.0
721,HMDB0000045,6083,NPY5R,Q15761,271.0
722,HMDB0000050,60961,NPY5R,Q15761,921.0
723,HMDB0008923,445468,NPY5R,Q15761,322.0
724,HMDB0004666,5282280,NPY5R,Q15761,910.0
725,HMDB0000492,312,NPY5R,Q15761,162.0
726,HMDB0000016,6166,NPY5R,Q15761,174.0
727,HMDB0000058,6076,NPY5R,Q15761,301.0
728,HMDB0000045,6083,RXFP3,Q9NSD7,176.0
729,HMDB0000050,60961,RXFP3,Q9NSD7,921.0
730,HMDB0008923,445468,RXFP3,Q9NSD7,322.0
731,HMDB0004666,5282280,RXFP3,Q9NSD7,910.0
732,HMDB0000492,312,RXFP3,Q9NSD7,162.0
733,HMDB0000016,6166,RXFP3,Q9NSD7,174.0
734,HMDB0000058,6076,RXFP3,Q9NSD7,187.0
735,HMDB0000045,6083,AGTR1,P30556,176.0
736,HMDB0000050,60961,AGTR1,P30556,237.0
737,HMDB0008923,445468,AGTR1,P30556,322.0
738,HMDB0000492,312,AGTR1,P30556,230.0
739,HMDB0000016,6166,AGTR1,P30556,174.0
740,HMDB0000058,6076,AGTR1,P30556,187.0
741,HMDB0000492,312,FLT1,P17948,800.0
742,HMDB0000067,5997,FLT1,P17948,819.0
743,HMDB0001377,977,FLT1,P17948,893.0
744,HMDB0000045,6083,EDNRA,P25101,176.0
745,HMDB0000050,60961,EDNRA,P25101,397.0
746,HMDB0008923,445468,EDNRA,P25101,322.0
747,HMDB0000492,312,EDNRA,P25101,223.0
748,HMDB0000016,6166,EDNRA,P25101,248.0
749,HMDB0000058,6076,EDNRA,P25101,279.0
750,HMDB0000045,6083,OPRK1,P41145,176.0
751,HMDB0000050,60961,OPRK1,P41145,935.0
752,HMDB0008923,445468,OPRK1,P41145,322.0
753,HMDB0004666,5282280,OPRK1,P41145,910.0
754,HMDB0000492,312,OPRK1,P41145,855.0
755,HMDB0000016,6166,OPRK1,P41145,174.0
756,HMDB0000058,6076,OPRK1,P41145,478.0
757,HMDB0000492,312,OPRK1,P41145,855.0
758,HMDB0001341,6022,LGR5,O75473,360.0
759,HMDB0010572,449008,LGR5,O75473,370.0
760,HMDB0000058,6076,GJA1,P17302,824.0
761,HMDB0000094,311,FCER1A,P12319,800.0
762,HMDB0001341,6022,TLR7,Q9NYK1,934.0
763,HMDB0010572,449008,TLR7,Q9NYK1,586.0
764,HMDB0000045,6083,TAAR2,Q9P1P5,176.0
765,HMDB0000050,60961,TAAR2,Q9P1P5,237.0
766,HMDB0008923,445468,TAAR2,Q9P1P5,322.0
767,HMDB0000492,312,TAAR2,Q9P1P5,162.0
768,HMDB0000016,6166,TAAR2,Q9P1P5,174.0
769,HMDB0000058,6076,TAAR2,Q9P1P5,187.0
770,HMDB0000045,6083,GPR62,Q9BZJ7,176.0
771,HMDB0000050,60961,GPR62,Q9BZJ7,237.0
772,HMDB0008923,445468,GPR62,Q9BZJ7,322.0
773,HMDB0000492,312,GPR62,Q9BZJ7,162.0
774,HMDB0000016,6166,GPR62,Q9BZJ7,174.0
775,HMDB0000058,6076,GPR62,Q9BZJ7,187.0
776,HMDB0000045,6083,ADRA1A,P35348,176.0
777,HMDB0000050,60961,ADRA1A,P35348,237.0
778,HMDB0008923,445468,ADRA1A,P35348,322.0
779,HMDB0000492,312,ADRA1A,P35348,162.0
780,HMDB0000016,6166,ADRA1A,P35348,174.0
781,HMDB0000058,6076,ADRA1A,P35348,187.0
782,HMDB0000045,6083,GPR83,Q9NYM4,176.0
783,HMDB0000050,60961,GPR83,Q9NYM4,237.0
784,HMDB0008923,445468,GPR83,Q9NYM4,322.0
785,HMDB0000492,312,GPR83,Q9NYM4,162.0
786,HMDB0000016,6166,GPR83,Q9NYM4,174.0
787,HMDB0000058,6076,GPR83,Q9NYM4,187.0
788,HMDB0007855,5497152,LPAR5,Q9H1C0,430.71148036253777
789,HMDB0007855,5497152,LPAR5,Q9H1C0,430.71148036253777
790,HMDB0007853,89566,LPAR5,Q9H1C0,521.0
791,HMDB0001341,6022,P2RY12,Q9H244,430.71148036253777
792,HMDB0001341,6022,P2RY12,Q9H244,430.71148036253777
793,HMDB0001341,6022,P2RY12,Q9H244,981.0
794,HMDB0000492,312,KCNJ11,Q14654,800.0
795,HMDB0000058,6076,KCNJ11,Q14654,900.0
796,HMDB0000050,60961,ADORA2B,P29275,430.71148036253777
797,HMDB0000050,60961,ADORA2B,P29275,430.71148036253777
798,HMDB0000050,60961,ADORA2B,P29275,430.71148036253777
799,HMDB0000050,60961,ADORA2B,P29275,430.71148036253777
800,HMDB0000050,60961,ADORA2B,P29275,430.71148036253777
801,HMDB0000050,60961,ADORA2B,P29275,430.71148036253777
802,HMDB0000045,6083,ADORA2B,P29275,529.0
803,HMDB0000050,60961,ADORA2B,P29275,994.0
804,HMDB0008923,445468,ADORA2B,P29275,322.0
805,HMDB0000492,312,ADORA2B,P29275,257.0
806,HMDB0000016,6166,ADORA2B,P29275,174.0
807,HMDB0000058,6076,ADORA2B,P29275,437.0
808,HMDB0000050,60961,ADORA2B,P29275,994.0
809,HMDB0000045,6083,GPR39,O43194,261.0
810,HMDB0000050,60961,GPR39,O43194,237.0
811,HMDB0008923,445468,GPR39,O43194,322.0
812,HMDB0000492,312,GPR39,O43194,162.0
813,HMDB0000016,6166,GPR39,O43194,174.0
814,HMDB0000058,6076,GPR39,O43194,187.0
815,HMDB0001341,6022,TLR6,Q9Y2C9,360.0
816,HMDB0010572,449008,TLR6,Q9Y2C9,586.0
817,HMDB0000045,6083,HTR7,P34969,236.0
818,HMDB0000050,60961,HTR7,P34969,944.0
819,HMDB0008923,445468,HTR7,P34969,322.0
820,HMDB0000492,312,HTR7,P34969,392.0
821,HMDB0000016,6166,HTR7,P34969,174.0
822,HMDB0000058,6076,HTR7,P34969,827.0
823,HMDB0000058,6076,HTR7,P34969,827.0
824,HMDB0000045,6083,NPFFR1,Q9GZQ6,279.0
825,HMDB0000050,60961,NPFFR1,Q9GZQ6,294.0
826,HMDB0008923,445468,NPFFR1,Q9GZQ6,322.0
827,HMDB0000492,312,NPFFR1,Q9GZQ6,162.0
828,HMDB0000016,6166,NPFFR1,Q9GZQ6,174.0
829,HMDB0000058,6076,NPFFR1,Q9GZQ6,187.0
830,HMDB0000067,5997,RARG,P13631,391.0
831,HMDB0000045,6083,HTR1B,P28222,176.0
832,HMDB0000050,60961,HTR1B,P28222,928.0
833,HMDB0008923,445468,HTR1B,P28222,322.0
834,HMDB0004666,5282280,HTR1B,P28222,910.0
835,HMDB0000492,312,HTR1B,P28222,162.0
836,HMDB0000016,6166,HTR1B,P28222,174.0
837,HMDB0000058,6076,HTR1B,P28222,447.0
838,HMDB0001341,6022,EPHA5,P54756,955.0
839,HMDB0000492,312,EPHA5,P54756,814.0
840,HMDB0001341,6022,EPHB4,P54760,949.0
841,HMDB0000058,6076,HCAR3,P49019,700.0
842,HMDB0000492,312,NGFR,P08138,810.0
843,HMDB0000492,312,NGFR,P08138,810.0
844,HMDB0000492,312,NPR1,P16066,811.0
845,HMDB0000492,312,NPR1,P16066,811.0
846,HMDB0000045,6083,OPRL1,P41146,176.0
847,HMDB0000050,60961,OPRL1,P41146,921.0
848,HMDB0008923,445468,OPRL1,P41146,322.0
849,HMDB0004666,5282280,OPRL1,P41146,910.0
850,HMDB0000492,312,OPRL1,P41146,162.0
851,HMDB0000016,6166,OPRL1,P41146,174.0
852,HMDB0000058,6076,OPRL1,P41146,187.0
853,HMDB0000492,312,GUCY1B1,Q02153,450.0
854,HMDB0000125,124886,PTPRZ1,P23471,482.0
855,HMDB0000067,5997,THRA,P10827,480.0
856,HMDB0000058,6076,TRPC6,Q9Y210,900.0
857,HMDB0007158,9543705,TRPC6,Q9Y210,925.0
858,HMDB0007161,6441562,TRPC6,Q9Y210,430.71148036253777
859,HMDB0007170,6438587,TRPC6,Q9Y210,430.71148036253777
860,HMDB0000492,312,GUCY2C,P25092,692.0
861,HMDB0000492,312,GUCY2C,P25092,691.0
862,HMDB0000190,107689,HCAR1,Q9BXC0,430.71148036253777
863,HMDB0000190,107689,HCAR1,Q9BXC0,430.71148036253777
864,HMDB0001341,6022,NLRC4,Q9NPP4,795.0
865,HMDB0001341,6022,TLR3,O15455,934.0
866,HMDB0010572,449008,TLR3,O15455,586.0
867,HMDB0001341,6022,TLR3,O15455,934.0
868,HMDB0000067,5997,ESRRB,O95718,319.0
869,HMDB0000067,5997,NR1I2,O75469,646.0
870,HMDB0001341,6022,P2RY14,Q15391,912.0
871,HMDB0000191,5960,GRM2,Q14416,800.0
872,HMDB0000045,6083,NTSR2,O95665,176.0
873,HMDB0000050,60961,NTSR2,O95665,237.0
874,HMDB0008923,445468,NTSR2,O95665,322.0
875,HMDB0000492,312,NTSR2,O95665,162.0
876,HMDB0000016,6166,NTSR2,O95665,174.0
877,HMDB0000058,6076,NTSR2,O95665,187.0
878,HMDB0000045,6083,APLNR,P35414,176.0
879,HMDB0000050,60961,APLNR,P35414,928.0
880,HMDB0008923,445468,APLNR,P35414,322.0
881,HMDB0004666,5282280,APLNR,P35414,910.0
882,HMDB0000492,312,APLNR,P35414,229.0
883,HMDB0000016,6166,APLNR,P35414,174.0
884,HMDB0000058,6076,APLNR,P35414,187.0
885,HMDB0000045,6083,GALR3,O60755,176.0
886,HMDB0000050,60961,GALR3,O60755,921.0
887,HMDB0008923,445468,GALR3,O60755,322.0
888,HMDB0004666,5282280,GALR3,O60755,910.0
889,HMDB0000492,312,GALR3,O60755,162.0
890,HMDB0000016,6166,GALR3,O60755,174.0
891,HMDB0000058,6076,GALR3,O60755,187.0
892,HMDB0000050,60961,SLC5A12,Q1EHB4,596.0
893,HMDB0000191,5960,GRIN1,Q05586,430.71148036253777
894,HMDB0000187,5951,GRIN1,Q05586,810.0
895,HMDB0000187,5951,GRIN1,Q05586,810.0
896,HMDB0000191,5960,GRIN1,Q05586,919.0
897,HMDB0007855,5497152,LPAR6,P43657,430.71148036253777
898,HMDB0007855,5497152,LPAR6,P43657,430.71148036253777
899,HMDB0007853,89566,LPAR6,P43657,270.0
900,HMDB0001341,6022,LPAR6,P43657,900.0
901,HMDB0001377,977,ABCC6,O95255,489.0
902,HMDB0000492,312,GUCY1A1,Q02108,450.0
903,HMDB0001341,6022,ADGRA1,Q86SQ6,360.0
904,HMDB0010572,449008,ADGRA1,Q86SQ6,370.0
905,HMDB0000050,60961,ASIC1,P78348,429.0
906,HMDB0000191,5960,GRM1,Q13255,800.0
907,HMDB0001341,6022,LGR4,Q9BXB1,360.0
908,HMDB0010572,449008,LGR4,Q9BXB1,370.0
909,HMDB0000067,5997,NR0B1,P51843,439.0
910,HMDB0001341,6022,TLR9,Q9NR96,934.0
911,HMDB0010572,449008,TLR9,Q9NR96,586.0
912,HMDB0000067,5997,ABCA10,Q8WWZ4,800.0
913,HMDB0000067,5997,SLC9A1,P19634,800.0
914,HMDB0000067,5997,PPARD,Q03181,460.0
915,HMDB0000050,60961,P2RY11,Q96G91,516.0
916,HMDB0000045,6083,HCRTR2,O43614,289.0
917,HMDB0000050,60961,HCRTR2,O43614,299.0
918,HMDB0008923,445468,HCRTR2,O43614,322.0
919,HMDB0000492,312,HCRTR2,O43614,162.0
920,HMDB0000016,6166,HCRTR2,O43614,174.0
921,HMDB0000058,6076,HCRTR2,O43614,187.0
922,HMDB0001341,6022,TLR1,Q15399,360.0
923,HMDB0010572,449008,TLR1,Q15399,586.0
924,HMDB0001341,6022,MERTK,Q12866,979.0
925,HMDB0000492,312,MERTK,Q12866,800.0
926,HMDB0000058,6076,ABCC8,Q09428,900.0
927,HMDB0001377,977,ABCC8,Q09428,722.0
928,HMDB0000058,6076,TRPC5,Q9UL62,900.0
929,HMDB0000191,5960,GRIN2C,Q14957,430.71148036253777
930,HMDB0000187,5951,GRIN2C,Q14957,679.0
931,HMDB0000187,5951,GRIN2C,Q14957,679.0
932,HMDB0000191,5960,GRIN2C,Q14957,936.0
933,HMDB0000492,312,KCNH2,Q12809,753.0
934,HMDB0004666,5282280,CNR1,P21554,430.71148036253777
935,HMDB0000045,6083,CNR1,P21554,176.0
936,HMDB0000050,60961,CNR1,P21554,939.0
937,HMDB0008923,445468,CNR1,P21554,322.0
938,HMDB0004666,5282280,CNR1,P21554,997.0
939,HMDB0000492,312,CNR1,P21554,263.0
940,HMDB0000016,6166,CNR1,P21554,174.0
941,HMDB0000058,6076,CNR1,P21554,300.0
942,HMDB0004666,5282280,CNR1,P21554,997.0
943,HMDB0000492,312,NPR3,P17342,886.0
944,HMDB0000058,6076,NPR3,P17342,800.0
945,HMDB0000016,6166,AR,P10275,381.0
946,HMDB0000050,60961,AR,P10275,800.0
947,HMDB0000067,5997,AR,P10275,496.0
948,HMDB0000158,6057,AR,P10275,800.0
949,HMDB0001341,6022,TLR10,Q9BXR5,360.0
950,HMDB0010572,449008,TLR10,Q9BXR5,586.0
951,HMDB0000016,6166,NR3C1,P04150,430.71148036253777
952,HMDB0000067,5997,NR3C1,P04150,769.0
953,HMDB0000045,6083,GPR142,Q7Z601,176.0
954,HMDB0000050,60961,GPR142,Q7Z601,237.0
955,HMDB0008923,445468,GPR142,Q7Z601,322.0
956,HMDB0000492,312,GPR142,Q7Z601,162.0
957,HMDB0000016,6166,GPR142,Q7Z601,174.0
958,HMDB0000058,6076,GPR142,Q7Z601,187.0
959,HMDB0001341,6022,EPHB1,P54762,973.0
960,HMDB0000191,5960,GRM5,P41594,800.0
961,HMDB0000045,6083,OPN1SW,P03999,176.0
962,HMDB0000050,60961,OPN1SW,P03999,237.0
963,HMDB0008923,445468,OPN1SW,P03999,322.0
964,HMDB0000492,312,OPN1SW,P03999,162.0
965,HMDB0000016,6166,OPN1SW,P03999,174.0
966,HMDB0000058,6076,OPN1SW,P03999,187.0
967,HMDB0000045,6083,HTR4,Q13639,176.0
968,HMDB0000050,60961,HTR4,Q13639,921.0
969,HMDB0008923,445468,HTR4,Q13639,322.0
970,HMDB0000492,312,HTR4,Q13639,243.0
971,HMDB0000016,6166,HTR4,Q13639,174.0
972,HMDB0000058,6076,HTR4,Q13639,305.0
973,HMDB0000045,6083,BDKRB1,P46663,176.0
974,HMDB0000050,60961,BDKRB1,P46663,921.0
975,HMDB0008923,445468,BDKRB1,P46663,322.0
976,HMDB0004666,5282280,BDKRB1,P46663,910.0
977,HMDB0000492,312,BDKRB1,P46663,162.0
978,HMDB0000016,6166,BDKRB1,P46663,174.0
979,HMDB0000058,6076,BDKRB1,P46663,187.0
980,HMDB0000191,5960,GRIN2D,O15399,430.71148036253777
981,HMDB0000187,5951,GRIN2D,O15399,670.0
982,HMDB0000187,5951,GRIN2D,O15399,670.0
983,HMDB0000191,5960,GRIN2D,O15399,957.0
984,HMDB0000045,6083,GPR52,Q9Y2T5,176.0
985,HMDB0000050,60961,GPR52,Q9Y2T5,237.0
986,HMDB0008923,445468,GPR52,Q9Y2T5,322.0
987,HMDB0004666,5282280,GPR52,Q9Y2T5,198.0
988,HMDB0000492,312,GPR52,Q9Y2T5,162.0
989,HMDB0000016,6166,GPR52,Q9Y2T5,174.0
990,HMDB0000058,6076,GPR52,Q9Y2T5,187.0
991,HMDB0000045,6083,ADRA2C,P18825,176.0
992,HMDB0000050,60961,ADRA2C,P18825,928.0
993,HMDB0008923,445468,ADRA2C,P18825,322.0
994,HMDB0004666,5282280,ADRA2C,P18825,910.0
995,HMDB0000492,312,ADRA2C,P18825,162.0
996,HMDB0000016,6166,ADRA2C,P18825,174.0
997,HMDB0000058,6076,ADRA2C,P18825,262.0
998,HMDB0000067,5997,NR1H2,P55055,878.0
999,HMDB0000045,6083,HTR6,P50406,176.0
1000,HMDB0000050,60961,HTR6,P50406,921.0
1001,HMDB0008923,445468,HTR6,P50406,322.0
1002,HMDB0000492,312,HTR6,P50406,162.0
1003,HMDB0000016,6166,HTR6,P50406,174.0
1004,HMDB0000058,6076,HTR6,P50406,264.0
1005,HMDB0004666,5282280,CNR2,P34972,430.71148036253777
1006,HMDB0004666,5282280,CNR2,P34972,430.71148036253777
1007,HMDB0004666,5282280,CNR2,P34972,430.71148036253777
1008,HMDB0004666,5282280,CNR2,P34972,430.71148036253777
1009,HMDB0000045,6083,CNR2,P34972,176.0
1010,HMDB0000050,60961,CNR2,P34972,927.0
1011,HMDB0008923,445468,CNR2,P34972,322.0
1012,HMDB0004666,5282280,CNR2,P34972,994.0
1013,HMDB0000492,312,CNR2,P34972,162.0
1014,HMDB0000016,6166,CNR2,P34972,174.0
1015,HMDB0000058,6076,CNR2,P34972,187.0
1016,HMDB0004666,5282280,CNR2,P34972,994.0
1017,HMDB0001341,6022,TLR8,Q9NR97,360.0
1018,HMDB0010572,449008,TLR8,Q9NR97,586.0
1019,HMDB0000492,312,TRPA1,O75762,818.0
1020,HMDB0000045,6083,OPN5,Q6U736,176.0
1021,HMDB0000050,60961,OPN5,Q6U736,237.0
1022,HMDB0008923,445468,OPN5,Q6U736,322.0
1023,HMDB0000492,312,OPN5,Q6U736,162.0
1024,HMDB0000016,6166,OPN5,Q6U736,174.0
1025,HMDB0000058,6076,OPN5,Q6U736,187.0
1026,HMDB0007855,5497152,P2RY10,O00398,430.71148036253777
1027,HMDB0007855,5497152,P2RY10,O00398,430.71148036253777
1028,HMDB0001341,6022,P2RY10,O00398,900.0
1029,HMDB0000045,6083,PRLHR,P49683,176.0
1030,HMDB0000050,60961,PRLHR,P49683,237.0
1031,HMDB0008923,445468,PRLHR,P49683,322.0
1032,HMDB0000492,312,PRLHR,P49683,162.0
1033,HMDB0000016,6166,PRLHR,P49683,174.0
1034,HMDB0000058,6076,PRLHR,P49683,187.0
1035,HMDB0000492,312,IL22RA1,Q8N6P7,800.0
1036,HMDB0000067,5997,RARA,P10276,375.0
1037,HMDB0000492,312,GUCY2D,Q02846,675.0
1038,HMDB0000045,6083,AVPR2,P30518,176.0
1039,HMDB0000050,60961,AVPR2,P30518,921.0
1040,HMDB0008923,445468,AVPR2,P30518,322.0
1041,HMDB0000492,312,AVPR2,P30518,292.0
1042,HMDB0000016,6166,AVPR2,P30518,174.0
1043,HMDB0000058,6076,AVPR2,P30518,304.0
1044,HMDB0001341,6022,P2RX1,P51575,876.0
1045,HMDB0001341,6022,ITGA1,P56199,900.0
1046,HMDB0000045,6083,PTGER2,P43116,176.0
1047,HMDB0000050,60961,PTGER2,P43116,921.0
1048,HMDB0008923,445468,PTGER2,P43116,322.0
1049,HMDB0000492,312,PTGER2,P43116,162.0
1050,HMDB0000016,6166,PTGER2,P43116,174.0
1051,HMDB0000058,6076,PTGER2,P43116,209.0
1052,HMDB0000125,124886,ATP7B,P35670,786.0
1053,HMDB0000050,60961,SCNN1D,P51172,429.0
1054,HMDB0000050,60961,SLC5A6,Q9Y289,541.0
1055,HMDB0000045,6083,PTGER1,P34995,176.0
1056,HMDB0000050,60961,PTGER1,P34995,237.0
1057,HMDB0008923,445468,PTGER1,P34995,322.0
1058,HMDB0000492,312,PTGER1,P34995,162.0
1059,HMDB0000016,6166,PTGER1,P34995,174.0
1060,HMDB0000058,6076,PTGER1,P34995,343.0
1061,HMDB0000045,6083,CCR3,P51677,176.0
1062,HMDB0000050,60961,CCR3,P51677,921.0
1063,HMDB0008923,445468,CCR3,P51677,322.0
1064,HMDB0004666,5282280,CCR3,P51677,910.0
1065,HMDB0000492,312,CCR3,P51677,162.0
1066,HMDB0000016,6166,CCR3,P51677,174.0
1067,HMDB0000058,6076,CCR3,P51677,187.0
1068,HMDB0000045,6083,RET,P07949,800.0
1069,HMDB0000050,60961,RET,P07949,800.0
1070,HMDB0001341,6022,LGR6,Q9HBX8,360.0
1071,HMDB0010572,449008,LGR6,Q9HBX8,370.0
1072,HMDB0001341,6022,RXFP1,Q9HBX9,360.0
1073,HMDB0010572,449008,RXFP1,Q9HBX9,370.0
1074,HMDB0000045,6083,OPN3,Q9H1Y3,176.0
1075,HMDB0000050,60961,OPN3,Q9H1Y3,237.0
1076,HMDB0008923,445468,OPN3,Q9H1Y3,322.0
1077,HMDB0000492,312,OPN3,Q9H1Y3,162.0
1078,HMDB0000016,6166,OPN3,Q9H1Y3,174.0
1079,HMDB0000058,6076,OPN3,Q9H1Y3,187.0
1080,HMDB0000058,6076,TRPC3,Q13507,900.0
1081,HMDB0001377,977,ABCB8,Q9NUT2,264.0
1082,HMDB0000045,6083,SSTR4,P31391,176.0
1083,HMDB0000050,60961,SSTR4,P31391,921.0
1084,HMDB0008923,445468,SSTR4,P31391,322.0
1085,HMDB0004666,5282280,SSTR4,P31391,910.0
1086,HMDB0000492,312,SSTR4,P31391,162.0
1087,HMDB0000016,6166,SSTR4,P31391,174.0
1088,HMDB0000058,6076,SSTR4,P31391,187.0
1089,HMDB0001377,977,SLC26A3,P40879,818.0
1090,HMDB0000045,6083,CCR4,P51679,176.0
1091,HMDB0000050,60961,CCR4,P51679,921.0
1092,HMDB0008923,445468,CCR4,P51679,322.0
1093,HMDB0004666,5282280,CCR4,P51679,910.0
1094,HMDB0000492,312,CCR4,P51679,162.0
1095,HMDB0000016,6166,CCR4,P51679,174.0
1096,HMDB0000058,6076,CCR4,P51679,187.0
1097,HMDB0000492,312,PTPRO,Q16827,800.0
1098,HMDB0000492,312,MET,P08581,800.0
1099,HMDB0000045,6083,OPN1LW,P04000,176.0
1100,HMDB0000050,60961,OPN1LW,P04000,237.0
1101,HMDB0008923,445468,OPN1LW,P04000,322.0
1102,HMDB0000492,312,OPN1LW,P04000,162.0
1103,HMDB0000016,6166,OPN1LW,P04000,174.0
1104,HMDB0000058,6076,OPN1LW,P04000,187.0
1105,HMDB0001341,6022,EPHA3,P29320,955.0
1106,HMDB0001341,6022,EPHA8,P29322,949.0
1107,HMDB0000067,5997,RORC,P51449,430.71148036253777
1108,HMDB0000067,5997,RORC,P51449,430.71148036253777
1109,HMDB0000067,5997,RORC,P51449,430.71148036253777
1110,HMDB0000067,5997,RORC,P51449,430.71148036253777
1111,HMDB0001377,977,ABCC3,O15438,537.0
1112,HMDB0001341,6022,P2RX6,O15547,820.0
1113,HMDB0001341,6022,ITGB5,P18084,900.0
1114,HMDB0000045,6083,HTR1E,P28566,176.0
1115,HMDB0000050,60961,HTR1E,P28566,921.0
1116,HMDB0008923,445468,HTR1E,P28566,322.0
1117,HMDB0004666,5282280,HTR1E,P28566,910.0
1118,HMDB0000492,312,HTR1E,P28566,162.0
1119,HMDB0000016,6166,HTR1E,P28566,174.0
1120,HMDB0000058,6076,HTR1E,P28566,318.0
1121,HMDB0000045,6083,PTGER4,P35408,176.0
1122,HMDB0000050,60961,PTGER4,P35408,933.0
1123,HMDB0008923,445468,PTGER4,P35408,322.0
1124,HMDB0000492,312,PTGER4,P35408,162.0
1125,HMDB0000016,6166,PTGER4,P35408,174.0
1126,HMDB0000058,6076,PTGER4,P35408,473.0
1127,HMDB0001341,6022,P2RY1,P47900,430.71148036253777
1128,HMDB0001341,6022,P2RY1,P47900,430.71148036253777
1129,HMDB0001341,6022,P2RY1,P47900,995.0
1130,HMDB0000045,6083,P2RY1,P47900,522.0
1131,HMDB0001341,6022,P2RY1,P47900,995.0
1132,HMDB0000050,60961,P2RY1,P47900,953.0
1133,HMDB0000034,190,P2RY1,P47900,931.0
1134,HMDB0000045,6083,NPSR1,Q6W5P4,176.0
1135,HMDB0000050,60961,NPSR1,Q6W5P4,921.0
1136,HMDB0008923,445468,NPSR1,Q6W5P4,322.0
1137,HMDB0000492,312,NPSR1,Q6W5P4,162.0
1138,HMDB0000016,6166,NPSR1,Q6W5P4,174.0
1139,HMDB0000058,6076,NPSR1,Q6W5P4,187.0
1140,HMDB0000492,312,PTPRB,P23467,800.0
1141,HMDB0001341,6022,EPHB2,P29323,978.0
1142,HMDB0000191,5960,GRIA4,P48058,948.0
1143,HMDB0001341,6022,ALK,Q9UM73,979.0
1144,HMDB0000492,312,ERBB2,P04626,824.0
1145,HMDB0000492,312,ERBB2,P04626,825.0
1146,HMDB0000067,5997,ERBB2,P04626,503.0
1147,HMDB0000058,6076,ERBB2,P04626,814.0
1148,HMDB0001377,977,ABCC9,O60706,684.0
1149,HMDB0000492,312,ITGAM,P11215,859.0
1150,HMDB0000492,312,ITGAM,P11215,859.0
1151,HMDB0000045,6083,GPR78,Q96P69,176.0
1152,HMDB0000050,60961,GPR78,Q96P69,237.0
1153,HMDB0008923,445468,GPR78,Q96P69,322.0
1154,HMDB0000492,312,GPR78,Q96P69,162.0
1155,HMDB0000016,6166,GPR78,Q96P69,174.0
1156,HMDB0000058,6076,GPR78,Q96P69,187.0
1157,HMDB0000045,6083,GALR2,O43603,176.0
1158,HMDB0000050,60961,GALR2,O43603,921.0
1159,HMDB0008923,445468,GALR2,O43603,322.0
1160,HMDB0004666,5282280,GALR2,O43603,910.0
1161,HMDB0000492,312,GALR2,O43603,162.0
1162,HMDB0000016,6166,GALR2,O43603,174.0
1163,HMDB0000058,6076,GALR2,O43603,187.0
1164,HMDB0000050,60961,ADORA2A,P29274,430.71148036253777
1165,HMDB0000050,60961,ADORA2A,P29274,430.71148036253777
1166,HMDB0000050,60961,ADORA2A,P29274,430.71148036253777
1167,HMDB0000050,60961,ADORA2A,P29274,430.71148036253777
1168,HMDB0000050,60961,ADORA2A,P29274,430.71148036253777
1169,HMDB0000050,60961,ADORA2A,P29274,430.71148036253777
1170,HMDB0000045,6083,ADORA2A,P29274,571.0
1171,HMDB0000050,60961,ADORA2A,P29274,999.0
1172,HMDB0008923,445468,ADORA2A,P29274,322.0
1173,HMDB0000492,312,ADORA2A,P29274,279.0
1174,HMDB0000016,6166,ADORA2A,P29274,174.0
1175,HMDB0000058,6076,ADORA2A,P29274,303.0
1176,HMDB0000050,60961,ADORA2A,P29274,999.0
1177,HMDB0000094,311,FGFR2,P21802,800.0
1178,HMDB0000045,6083,TBXA2R,P21731,176.0
1179,HMDB0000050,60961,TBXA2R,P21731,570.0
1180,HMDB0008923,445468,TBXA2R,P21731,322.0
1181,HMDB0000492,312,TBXA2R,P21731,162.0
1182,HMDB0000016,6166,TBXA2R,P21731,174.0
1183,HMDB0000058,6076,TBXA2R,P21731,551.0
1184,HMDB0000191,5960,GRIN2A,Q12879,430.71148036253777
1185,HMDB0000187,5951,GRIN2A,Q12879,716.0
1186,HMDB0000187,5951,GRIN2A,Q12879,716.0
1187,HMDB0000191,5960,GRIN2A,Q12879,915.0
1188,HMDB0000492,312,IFNGR1,P15260,800.0
1189,HMDB0001341,6022,IFNGR1,P15260,900.0
1190,HMDB0000045,6083,GPR27,Q9NS67,176.0
1191,HMDB0000050,60961,GPR27,Q9NS67,237.0
1192,HMDB0008923,445468,GPR27,Q9NS67,322.0
1193,HMDB0000492,312,GPR27,Q9NS67,162.0
1194,HMDB0000016,6166,GPR27,Q9NS67,174.0
1195,HMDB0000058,6076,GPR27,Q9NS67,187.0
1196,HMDB0007855,5497152,LPAR4,Q99677,430.71148036253777
1197,HMDB0007855,5497152,LPAR4,Q99677,430.71148036253777
1198,HMDB0000067,5997,ABCA1,O95477,997.0
1199,HMDB0000067,5997,NR1H3,Q13133,722.0
1200,HMDB0000045,6083,NPY4R,P50391,176.0
1201,HMDB0000050,60961,NPY4R,P50391,921.0
1202,HMDB0008923,445468,NPY4R,P50391,322.0
1203,HMDB0004666,5282280,NPY4R,P50391,910.0
1204,HMDB0000492,312,NPY4R,P50391,162.0
1205,HMDB0000016,6166,NPY4R,P50391,174.0
1206,HMDB0000058,6076,NPY4R,P50391,187.0
1207,HMDB0000045,6083,DRD5,P21918,176.0
1208,HMDB0000050,60961,DRD5,P21918,921.0
1209,HMDB0008923,445468,DRD5,P21918,322.0
1210,HMDB0000492,312,DRD5,P21918,231.0
1211,HMDB0000016,6166,DRD5,P21918,174.0
1212,HMDB0000058,6076,DRD5,P21918,187.0
1213,HMDB0000492,312,ITGA2B,P08514,816.0
1214,HMDB0000492,312,ITGA2B,P08514,817.0
1215,HMDB0000067,5997,RXRA,P19793,486.0
1216,HMDB0000492,312,SLC5A1,P13866,826.0
1217,HMDB0000034,190,ACVR2B,Q13705,800.0
1218,HMDB0000045,6083,NPY2R,P49146,176.0
1219,HMDB0000050,60961,NPY2R,P49146,921.0
1220,HMDB0008923,445468,NPY2R,P49146,322.0
1221,HMDB0004666,5282280,NPY2R,P49146,910.0
1222,HMDB0000492,312,NPY2R,P49146,162.0
1223,HMDB0000016,6166,NPY2R,P49146,174.0
1224,HMDB0000058,6076,NPY2R,P49146,187.0
1225,HMDB0000045,6083,OXTR,P30559,176.0
1226,HMDB0000050,60961,OXTR,P30559,307.0
1227,HMDB0008923,445468,OXTR,P30559,322.0
1228,HMDB0000492,312,OXTR,P30559,251.0
1229,HMDB0000016,6166,OXTR,P30559,174.0
1230,HMDB0000058,6076,OXTR,P30559,303.0
1231,HMDB0000045,6083,FFAR4,Q5NUL3,176.0
1232,HMDB0000050,60961,FFAR4,Q5NUL3,237.0
1233,HMDB0008923,445468,FFAR4,Q5NUL3,322.0
1234,HMDB0000492,312,FFAR4,Q5NUL3,162.0
1235,HMDB0000016,6166,FFAR4,Q5NUL3,174.0
1236,HMDB0000058,6076,FFAR4,Q5NUL3,187.0
1237,HMDB0000067,5997,NR1I3,Q14994,507.0
1238,HMDB0000067,5997,NR2E1,Q9Y466,319.0
1239,HMDB0000045,6083,ADRB3,P13945,176.0
1240,HMDB0000050,60961,ADRB3,P13945,968.0
1241,HMDB0008923,445468,ADRB3,P13945,322.0
1242,HMDB0000492,312,ADRB3,P13945,162.0
1243,HMDB0000016,6166,ADRB3,P13945,174.0
1244,HMDB0000058,6076,ADRB3,P13945,709.0
1245,HMDB0000050,60961,ADRB3,P13945,968.0
1246,HMDB0000067,5997,ADRB3,P13945,523.0
1247,HMDB0000058,6076,ADRB3,P13945,709.0
1248,HMDB0004666,5282280,GPR55,Q9Y2T6,430.71148036253777
1249,HMDB0004666,5282280,GPR55,Q9Y2T6,430.71148036253777
1250,HMDB0004666,5282280,GPR55,Q9Y2T6,430.71148036253777
1251,HMDB0004666,5282280,GPR55,Q9Y2T6,430.71148036253777
1252,HMDB0004666,5282280,GPR55,Q9Y2T6,955.0
1253,HMDB0007855,5497152,LPAR2,Q9HBW0,430.71148036253777
1254,HMDB0007855,5497152,LPAR2,Q9HBW0,430.71148036253777
1255,HMDB0000045,6083,LPAR2,Q9HBW0,176.0
1256,HMDB0000050,60961,LPAR2,Q9HBW0,933.0
1257,HMDB0008923,445468,LPAR2,Q9HBW0,322.0
1258,HMDB0004666,5282280,LPAR2,Q9HBW0,910.0
1259,HMDB0000492,312,LPAR2,Q9HBW0,162.0
1260,HMDB0000016,6166,LPAR2,Q9HBW0,174.0
1261,HMDB0007853,89566,LPAR2,Q9HBW0,403.0
1262,HMDB0000058,6076,LPAR2,Q9HBW0,259.0
1263,HMDB0001341,6022,P2RY4,P51582,919.0
1264,HMDB0000045,6083,HCRTR1,O43613,289.0
1265,HMDB0000050,60961,HCRTR1,O43613,299.0
1266,HMDB0008923,445468,HCRTR1,O43613,322.0
1267,HMDB0000492,312,HCRTR1,O43613,162.0
1268,HMDB0000016,6166,HCRTR1,O43613,174.0
1269,HMDB0000058,6076,HCRTR1,O43613,187.0
1270,HMDB0008923,445468,NR5A1,Q13285,800.0
1271,HMDB0000045,6083,HRH2,P25021,281.0
1272,HMDB0000050,60961,HRH2,P25021,921.0
1273,HMDB0008923,445468,HRH2,P25021,322.0
1274,HMDB0000492,312,HRH2,P25021,162.0
1275,HMDB0000016,6166,HRH2,P25021,174.0
1276,HMDB0000058,6076,HRH2,P25021,805.0
1277,HMDB0000058,6076,HRH2,P25021,805.0
1278,HMDB0001341,6022,ADGRA3,Q8IWK6,360.0
1279,HMDB0010572,449008,ADGRA3,Q8IWK6,370.0
1280,HMDB0000067,5997,NR2F1,P10589,319.0
1281,HMDB0000045,6083,BRS3,P32247,176.0
1282,HMDB0000050,60961,BRS3,P32247,237.0
1283,HMDB0008923,445468,BRS3,P32247,322.0
1284,HMDB0000492,312,BRS3,P32247,162.0
1285,HMDB0000016,6166,BRS3,P32247,174.0
1286,HMDB0000058,6076,BRS3,P32247,187.0
1287,HMDB0000067,5997,NR6A1,Q15406,319.0
1288,HMDB0000045,6083,MCHR2,Q969V1,176.0
1289,HMDB0000050,60961,MCHR2,Q969V1,921.0
1290,HMDB0008923,445468,MCHR2,Q969V1,322.0
1291,HMDB0004666,5282280,MCHR2,Q969V1,910.0
1292,HMDB0000492,312,MCHR2,Q969V1,162.0
1293,HMDB0000016,6166,MCHR2,Q969V1,174.0
1294,HMDB0000058,6076,MCHR2,Q969V1,187.0
1295,HMDB0000492,312,NLRP4,Q96MN2,800.0
1296,HMDB0001341,6022,NLRP4,Q96MN2,900.0
1297,HMDB0000191,5960,GRIK3,Q13003,908.0
1298,HMDB0001377,977,ABCC11,Q96J66,408.0
1299,HMDB0000045,6083,EDNRB,P24530,176.0
1300,HMDB0000050,60961,EDNRB,P24530,487.0
1301,HMDB0008923,445468,EDNRB,P24530,322.0
1302,HMDB0000492,312,EDNRB,P24530,162.0
1303,HMDB0000016,6166,EDNRB,P24530,174.0
1304,HMDB0000058,6076,EDNRB,P24530,277.0
1305,HMDB0000187,5951,GPRC6A,Q5T6X5,430.71148036253777
1306,HMDB0000182,5962,GPRC6A,Q5T6X5,430.71148036253777
1307,HMDB0000161,5950,GPRC6A,Q5T6X5,430.71148036253777
1308,HMDB0000187,5951,GPRC6A,Q5T6X5,430.71148036253777
1309,HMDB0000182,5962,GPRC6A,Q5T6X5,430.71148036253777
1310,HMDB0000161,5950,GPRC6A,Q5T6X5,430.71148036253777
1311,HMDB0000161,5950,GPRC6A,Q5T6X5,800.0
1312,HMDB0000187,5951,GPRC6A,Q5T6X5,800.0
1313,HMDB0000182,5962,GPRC6A,Q5T6X5,900.0
1314,HMDB0001377,977,ABCC1,P33527,552.0
1315,HMDB0001341,6022,TLR4,O00206,360.0
1316,HMDB0010572,449008,TLR4,O00206,586.0
1317,HMDB0000492,312,TLR4,O00206,841.0
1318,HMDB0001341,6022,ADGRA2,Q96PE1,360.0
1319,HMDB0010572,449008,ADGRA2,Q96PE1,370.0
1320,HMDB0000067,5997,NR2F6,P10588,319.0
1321,HMDB0000300,1174,GPR17,Q13304,895.0
1322,HMDB0000067,5997,NR2C1,P13056,319.0
1323,HMDB0001377,977,ABCB10,Q9NRK6,264.0
1324,HMDB0000045,6083,SSTR5,P35346,176.0
1325,HMDB0000050,60961,SSTR5,P35346,921.0
1326,HMDB0008923,445468,SSTR5,P35346,322.0
1327,HMDB0004666,5282280,SSTR5,P35346,910.0
1328,HMDB0000492,312,SSTR5,P35346,251.0
1329,HMDB0000016,6166,SSTR5,P35346,174.0
1330,HMDB0000058,6076,SSTR5,P35346,187.0
1331,HMDB0000045,6083,TAAR1,Q96RJ0,176.0
1332,HMDB0000050,60961,TAAR1,Q96RJ0,921.0
1333,HMDB0008923,445468,TAAR1,Q96RJ0,322.0
1334,HMDB0000492,312,TAAR1,Q96RJ0,162.0
1335,HMDB0000016,6166,TAAR1,Q96RJ0,174.0
1336,HMDB0000058,6076,TAAR1,Q96RJ0,187.0
1337,HMDB0001341,6022,P2RX4,Q99571,817.0
1338,HMDB0000045,6083,PTGER3,P43115,176.0
1339,HMDB0000050,60961,PTGER3,P43115,928.0
1340,HMDB0008923,445468,PTGER3,P43115,322.0
1341,HMDB0004666,5282280,PTGER3,P43115,910.0
1342,HMDB0000492,312,PTGER3,P43115,162.0
1343,HMDB0000016,6166,PTGER3,P43115,174.0
1344,HMDB0000058,6076,PTGER3,P43115,438.0
1345,HMDB0000187,5951,GRIN3B,O60391,703.0
1346,HMDB0000187,5951,GRIN3B,O60391,703.0
1347,HMDB0000191,5960,GRIN3B,O60391,899.0
1348,HMDB0000045,6083,HTR1A,P08908,176.0
1349,HMDB0000050,60961,HTR1A,P08908,935.0
1350,HMDB0008923,445468,HTR1A,P08908,322.0
1351,HMDB0004666,5282280,HTR1A,P08908,910.0
1352,HMDB0000492,312,HTR1A,P08908,254.0
1353,HMDB0000016,6166,HTR1A,P08908,237.0
1354,HMDB0000058,6076,HTR1A,P08908,356.0
1355,HMDB0001341,6022,TRPM4,Q8TD43,430.71148036253777
1356,HMDB0000050,60961,TRPM4,Q8TD43,430.71148036253777
1357,HMDB0000045,6083,TRPM4,Q8TD43,430.71148036253777
1358,HMDB0001341,6022,TRPM4,Q8TD43,430.71148036253777
1359,HMDB0000045,6083,TRPM4,Q8TD43,430.71148036253777
1360,HMDB0000050,60961,ASIC2,Q16515,429.0
1361,HMDB0000191,5960,GRID2,O43424,800.0
1362,HMDB0000492,312,EPHB3,P54753,817.0
1363,HMDB0001341,6022,EPHB3,P54753,969.0
1364,HMDB0000492,312,EPHB3,P54753,817.0
1365,HMDB0000492,312,ITGB4,P16144,800.0
1366,HMDB0001341,6022,EPHA1,P21709,954.0
1367,HMDB0000492,312,TNFRSF10B,O14763,800.0
1368,HMDB0000045,6083,GRPR,P30550,176.0
1369,HMDB0000050,60961,GRPR,P30550,237.0
1370,HMDB0008923,445468,GRPR,P30550,322.0
1371,HMDB0000492,312,GRPR,P30550,162.0
1372,HMDB0000016,6166,GRPR,P30550,174.0
1373,HMDB0000058,6076,GRPR,P30550,187.0
1374,HMDB0000045,6083,GHSR,Q92847,176.0
1375,HMDB0000050,60961,GHSR,Q92847,300.0
1376,HMDB0008923,445468,GHSR,Q92847,322.0
1377,HMDB0004666,5282280,GHSR,Q92847,198.0
1378,HMDB0000492,312,GHSR,Q92847,162.0
1379,HMDB0000016,6166,GHSR,Q92847,174.0
1380,HMDB0000058,6076,GHSR,Q92847,187.0
1381,HMDB0000045,6083,GPR173,Q9NS66,176.0
1382,HMDB0000050,60961,GPR173,Q9NS66,237.0
1383,HMDB0008923,445468,GPR173,Q9NS66,322.0
1384,HMDB0000492,312,GPR173,Q9NS66,162.0
1385,HMDB0000016,6166,GPR173,Q9NS66,174.0
1386,HMDB0000058,6076,GPR173,Q9NS66,187.0
1387,HMDB0000045,6083,PROKR1,Q8TCW9,176.0
1388,HMDB0000050,60961,PROKR1,Q8TCW9,237.0
1389,HMDB0008923,445468,PROKR1,Q8TCW9,322.0
1390,HMDB0000492,312,PROKR1,Q8TCW9,162.0
1391,HMDB0000016,6166,PROKR1,Q8TCW9,174.0
1392,HMDB0000058,6076,PROKR1,Q8TCW9,187.0
1393,HMDB0000045,6083,TRHR,P34981,243.0
1394,HMDB0000050,60961,TRHR,P34981,383.0
1395,HMDB0008923,445468,TRHR,P34981,322.0
1396,HMDB0000492,312,TRHR,P34981,162.0
1397,HMDB0000016,6166,TRHR,P34981,174.0
1398,HMDB0000058,6076,TRHR,P34981,187.0
1399,HMDB0000045,6083,MC5R,P33032,176.0
1400,HMDB0000050,60961,MC5R,P33032,927.0
1401,HMDB0008923,445468,MC5R,P33032,322.0
1402,HMDB0000492,312,MC5R,P33032,162.0
1403,HMDB0000016,6166,MC5R,P33032,174.0
1404,HMDB0000058,6076,MC5R,P33032,187.0
1405,HMDB0001377,977,ABCB9,Q9NP78,264.0
1406,HMDB0000191,5960,GRID1,Q9ULK0,800.0
1407,HMDB0000045,6083,CCR1,P32246,176.0
1408,HMDB0000050,60961,CCR1,P32246,921.0
1409,HMDB0008923,445468,CCR1,P32246,322.0
1410,HMDB0004666,5282280,CCR1,P32246,910.0
1411,HMDB0000492,312,CCR1,P32246,162.0
1412,HMDB0000016,6166,CCR1,P32246,174.0
1413,HMDB0000058,6076,CCR1,P32246,187.0
